Priority,NameIntent,Text,AudioRU_M,AudioKZ_M,AudioRU_F,AudioKZ_F,Intents,Next_audio,Duration_waiting,Finished,Language,BadRU_M,BadKZ_M,BadRU_F,BadKZ_F,OtherRU_M,OtherKZ_M,OtherRU_F,OtherKZ_F,Interrupting_strategy,reload_template,repeat,asr
0,utter_hello_start,Здравствуйте! Меня зовут Айдос. Чем могу вам помочь?,-,-,1_testtest_F_R,1_testtest_F_K,-,146,6,-,AudioKZ,-,-,-,-,-,-,-,-,ASR,no,3,default_kz
1,utter_langDetectRU,Меня зовут Айдос,-,-,2_testtest_F_R,2_testtest_F_K,-,-,0,-,AudioRU,-,-,-,-,-,-,-,-,ASR,no,3,default_kz
2,utter_langDetectKZ,Менің есімім Айдос,-,-,-,-,-,-,0,-,AudioKZ,-,-,-,-,-,-,-,-,ASR,no,3,default_kz
3,utter_q1RU,Чем я могу Вам помочь? / По какому вопросу Вы обращаетесь?,-,-,"3_testtest_F_R, 4_testtest_F_R","3_testtest_F_K, 4_testtest_F_K",-,146,6,-,AudioRU,-,-,5_testtest_F_R,5_testtest_F_K,-,-,5_testtest_F_R,5_testtest_F_K,ASR,no,3,default_kz
4,utter_q1KZ,Мен сізге қандай көмек көрсете аламын? / Қандай сұрақ бойынша хабарласып тұрсыз?,-,-,-,-,-,146,6,-,AudioKZ,-,-,5_testtest_F_R,5_testtest_F_K,-,-,5_testtest_F_R,5_testtest_F_K,ASR,no,3,default_kz
5,utter_q2RU,Скажите я могу еще чем-то Вам помочь? / У Вас будут еще вопросы?,-,-,"6_testtest_F_R, 7_testtest_F_R","6_testtest_F_K, 7_testtest_F_K",-,146,6,-,AudioRU,-,-,8_testtest_F_R,8_testtest_F_K,-,-,8_testtest_F_R,8_testtest_F_K,ASR,no,3,default_kz
6,utter_q2KZ,Айтыңызшы сізге тағы қандай көмек көрсете аламын? / Сізде басқа сұрақтар бар ма?,-,-,-,-,-,146,6,-,AudioKZ,-,-,8_testtest_F_R,8_testtest_F_K,-,-,8_testtest_F_R,8_testtest_F_K,ASR,no,3,default_kz
7,utter_q3RU,"Ммм секундочку… сейчас лучше? / Так а сейчас меня слышно? / Ааа, сейчас как, слышно меня?",-,-,"9_testtest_F_R, 10_testtest_F_R, 11_testtest_F_R","9_testtest_F_K, 10_testtest_F_K, 11_testtest_F_K",-,146,6,-,AudioRU,-,-,12_testtest_F_R,12_testtest_F_K,-,-,12_testtest_F_R,12_testtest_F_K,ASR,no,3,default_kz
8,utter_q3KZ,"Ммм күте тұрыңыз… Енді естіліп тұрмын ба? / Қазір мені естіп тұрсыз ба? / Ааа... қазір қалай, мен естіліп тұрмын ба?",-,-,-,-,-,146,6,-,AudioKZ,-,-,12_testtest_F_R,12_testtest_F_K,-,-,12_testtest_F_R,12_testtest_F_K,ASR,no,3,default_kz
9,utter_q4RU,"Здравствуйте, слушаю вас",-,-,13_testtest_F_R,13_testtest_F_K,-,146,6,-,AudioRU,-,-,14_testtest_F_R,14_testtest_F_K,-,-,14_testtest_F_R,14_testtest_F_K,ASR,no,3,default_kz
10,utter_q4KZ,"Сәлеметсіз бе, тыңдап тұрмын",-,-,-,-,-,146,6,-,AudioKZ,-,-,14_testtest_F_R,14_testtest_F_K,-,-,14_testtest_F_R,14_testtest_F_K,ASR,no,3,default_kz
11,utter_q5RU,"Я вас слушаю, чем могу Вам помочь?",-,-,15_testtest_F_R,15_testtest_F_K,-,146,6,-,AudioRU,-,-,16_testtest_F_R,16_testtest_F_K,-,-,16_testtest_F_R,16_testtest_F_K,ASR,no,3,default_kz
12,utter_q5KZ,"Мен сізді тыңдап тұрмын, қандай сұрағыңыз бар?",-,-,-,-,-,146,6,-,AudioKZ,-,-,16_testtest_F_R,16_testtest_F_K,-,-,16_testtest_F_R,16_testtest_F_K,ASR,no,3,default_kz
13,!Oper,"Пожалуйста, оставайтесь на линии, пока я соединю вас с другим специалистом",-,-,17_testtest_F_R,17_testtest_F_K,-,-,0,-,AudioRU,-,-,-,-,-,-,-,-,NoOp,no,3,default_kz
14,!Oper,Мен сізді басқа маманға қосқанға дейін желіде болыңыз,-,-,-,-,-,-,0,-,AudioKZ,-,-,-,-,-,-,-,-,NoOp,no,3,default_kz
15,!Oper,"Мммм.... извините, Вас очень плохо слышно, я соединю Вас с другим специалистом, побудьте на линии.",-,-,18_testtest_F_R,18_testtest_F_K,-,-,0,-,AudioRU,-,-,-,-,-,-,-,-,NoOp,no,3,default_kz
16,!Oper,"Мммм.... кешіріңіз, сізді өте нашар естіп тұрмын, мен Сізді басқа маманға қосамын, желіде бола тұрыңыз.",-,-,-,-,-,-,0,-,AudioKZ,-,-,-,-,-,-,-,-,NoOp,no,3,default_kz
17,utter_justOperatorRU,Я и есть оператор,-,-,19_testtest_F_R,19_testtest_F_K,-,146,6,-,AudioRU,-,-,-,-,-,-,-,-,ASR,no,3,default_kz
18,utter_justOperatorKZ,Мен оператормын,-,-,-,-,-,146,6,-,AudioKZ,-,-,-,-,-,-,-,-,ASR,no,3,default_kz
19,!Oper,"Мхм, тогда я сейчас переведу звонок на нужного специалиста, пожалуйста ожидайте на линии.",-,-,20_testtest_F_R,20_testtest_F_K,-,-,0,-,AudioRU,-,-,-,-,-,-,-,-,NoOp,no,3,default_kz
20,!Oper,"Мхм, онда мен қазір қоңырауды тиісті маманға аударамын, желіде күте тұрыңыз.",-,-,-,-,-,-,0,-,AudioKZ,-,-,-,-,-,-,-,-,NoOp,no,3,default_kz
21,utter_q7RU,"Я попробую вам помочь, задайте свой вопрос, пожалуйста?",-,-,21_testtest_F_R,21_testtest_F_K,-,146,6,-,AudioRU,-,-,22_testtest_F_R,22_testtest_F_K,-,-,22_testtest_F_R,22_testtest_F_K,ASR,no,3,default_kz
22,utter_q7KZ,"Мен сізге көмектесуге тырысамын, өтінемін, сұрағыңызды қойыңыз",-,-,-,-,-,146,6,-,AudioKZ,-,-,22_testtest_F_R,22_testtest_F_K,-,-,22_testtest_F_R,22_testtest_F_K,ASR,no,3,default_kz
23,utter_robotFirstRU,"Интересно, почему Вы так подумали... Я консультант Банка. Давайте вернёмся к нашему разговору",-,-,23_testtest_F_R,23_testtest_F_K,-,-,0,-,AudioRU,-,-,-,-,-,-,-,-,ASR,no,3,default_kz
24,utter_robotFirstKZ,"Қызық, не себепті бұлай ойладыңыз ... Мен Банк кеңесшісімін. Әңгімемізге қайта оралайық",-,-,-,-,-,-,0,-,AudioKZ,-,-,-,-,-,-,-,-,ASR,no,3,default_kz
25,utter_robotSecondRU,"Да, вы первый кто догадался (с улыбкой), я интеллектуальный менеджер Банка, а теперь вернемся к нашему разговору",-,-,24_testtest_F_R,24_testtest_F_K,-,-,0,-,AudioRU,-,-,-,-,-,-,-,-,ASR,no,3,default_kz
26,utter_robotSecondKZ,"Ия, сіз бұны байқаған бірінші адамсыз, мен Банктің интеллектуалды менеджерімін, ал енді әңгімемізге қайта оралайық",-,-,-,-,-,-,0,-,AudioKZ,-,-,-,-,-,-,-,-,ASR,no,3,default_kz
27,utter_robotThirdRU,"Да, вы верно поняли, ыыыы",-,-,25_testtest_F_R,25_testtest_F_K,-,-,0,-,AudioRU,-,-,-,-,-,-,-,-,ASR,no,3,default_kz
28,utter_robotThirdKZ,"Иә, Сіз дұрыс түсіндіңіз, ыыыы",-,-,-,-,-,-,0,-,AudioKZ,-,-,-,-,-,-,-,-,ASR,no,3,default_kz
29,utter_soundLesslyRU,"Угу, постараюсь погромче говорить.",-,-,26_testtest_F_R,26_testtest_F_K,-,-,0,-,AudioRU,-,-,-,-,-,-,-,-,ASR,no,3,default_kz
30,utter_soundLesslyKZ,"Угу, қаттырақ сөйлеуге тырысамын",-,-,-,-,-,-,0,-,AudioKZ,-,-,-,-,-,-,-,-,ASR,no,3,default_kz
31,utter_understoodRU,"Поняла Вас,",-,-,27_testtest_F_R,27_testtest_F_K,-,-,0,-,AudioRU,-,-,-,-,-,-,-,-,ASR,no,3,default_kz
32,utter_understoodKZ,"Мен сізді түсіндім,",-,-,-,-,-,-,0,-,AudioKZ,-,-,-,-,-,-,-,-,ASR,no,3,default_kz
33,utter_q8RU,"Давайте подскажу как открыть онлайн карту в приложении, согласны?",-,-,28_testtest_F_R,28_testtest_F_K,-,146,6,-,AudioRU,-,-,29_testtest_F_R,29_testtest_F_K,-,-,29_testtest_F_R,29_testtest_F_K,ASR,no,3,default_kz
34,utter_q8KZ,"Енді, Қосымшада онлайн картаны қалай ашуға болатынын айтайын, жарай ма?",-,-,-,-,-,146,6,-,AudioKZ,-,-,29_testtest_F_R,29_testtest_F_K,-,-,29_testtest_F_R,29_testtest_F_K,ASR,no,3,default_kz
35,utter_openCardOptionsRU,"Смотрите, вы можете открыть онлайн карту в приложении Halyk, а другие виды карт можно заказать в любом отделении Банка.",-,-,30_testtest_F_R,30_testtest_F_K,-,-,0,-,AudioRU,-,-,-,-,-,-,-,-,ASR,no,3,default_kz
36,utter_openCardOptionsKZ,"Қараңыз, сіз онлайн картаны Halyk қосымшасында аша аласыз, ал карталардың басқа түрлеріне Банктің кез келген бөлімшесінде тапсырыс беруге болады.",-,-,-,-,-,-,0,-,AudioKZ,-,-,-,-,-,-,-,-,ASR,no,3,default_kz
37,utter_instructionsRU,"Отлично, для этого зайдите в приложение Halyk, в разделе ""Счета"" выберете ""Открыть новую карту"" и далее следуйте инструкции на экране. Как откроете карту она активируется в течении дня. / Отлично, для этого в приложении Halyk, зайдите в раздел «Счета», выберите «Карты», нажмите на «Закрыть карту» (короткая пауза) / Отлично, для начала зайдите в приложение Halyk, в разделе ""Счета"" выберите карту и нажмите на "" Заказать карту"", далее ""Открыть дополнительную карту"" и заполните нужные поля (короткая пауза) / Отлично, для начала зайдите в приложение Halyk, в раздел ""Гос. услуги"" , нажмите ""Реквизиты"", после ""История"", и там можете проверить статус заявки. (короткая пауза)",-,-,"31_testtest_F_R, 32_testtest_F_R, 33_testtest_F_R, 34_testtest_F_R","31_testtest_F_K, 32_testtest_F_K, 33_testtest_F_K, 34_testtest_F_K",-,-,0,-,AudioRU,-,-,-,-,-,-,-,-,ASR,no,3,default_kz
38,utter_instructionsKZ,"Өте жақсы, ол үшін Halyk қосымшасына кіріңіз, ""Шоттар"" бөлімінде ""Жаңа карта ашу"" батырмасын таңдаңыз, ал әрі қарай экрандағы нұсқауларды орындаңыз. Картаны ашқаннан кейін ол үш күннің ішінде іске қосылады. / Тамаша, ол үшін Halyk қосымшасында ""Шоттар"" бөліміне өтіп, ""Карталар"" тармағын таңдап,""Картаны жабу"" батырмасын басыңыз / Өте жақсы, алдымен Halyk қосымшасына кіріңіз, ""Шоттар"" бөлімінде картаны таңдаңыз және ""Картаға тапсырыс беру"" батырмасын басыңыз, әрі қарай ""Қосымша қарта ашу"" батырмасын басып, қажетті жолдарды толтырыңыз. / Өте жақсы, алдымен Halyk қосымшасына кіріп, Мемлекеттік қызметтер бөлімінде, Деректемелер батырмасын басыңыз, сосын Тарих тармағына өтіп, сол жерден өтінімнің мәртебесін тексере аласыз.",-,-,-,-,-,-,0,-,AudioKZ,-,-,-,-,-,-,-,-,ASR,no,3,default_kz
39,utter_repeatInstructionsRU,"Конечно, (короткая пауза) Зайдите в приложение Halyk, в разделе ""Счета"" выберете ""Открыть новую карту"" и далее следуйте инструкции на экране. Как откроете карту она активируется в течении дня (короткая пауза) / Конечно, (короткая пауза) Зайдите в приложение Halyk, перейдите в раздел «Счета», выберите «Карты», нажмите на «Закрыть карту» (короткая пауза) / Конечно, (короткая пауза) В приложении Halyk, зайдите в раздел ""счета"" выберите карту, которую хотите перевыпустить, нажмите на ""заказать карту"" далее ""Открыть дополнительную карту"" и следуйте инструкции на экране. (короткая пауза) / Конечно, для начала зайдите в приложение Halyk, в раздел ""Гос. услуги"" , нажмите ""Реквизиты"", после ""История"", и там можете проверить статус заявки.",-,-,"35_testtest_F_R, 36_testtest_F_R, 37_testtest_F_R, 38_testtest_F_R","35_testtest_F_K, 36_testtest_F_K, 37_testtest_F_K, 38_testtest_F_K",-,-,0,-,AudioRU,-,-,-,-,-,-,-,-,ASR,no,3,default_kz
40,utter_repeatInstructionsKZ,"Әрине, Halyk қосымшасына кіріңіз, ""Шоттар"" бөлімінде ""Жаңа карта ашу"" батырмасын таңдаңыз, ал әрі қарай экрандағы нұсқауларды орындаңыз. Картаны ашқаннан кейін ол бір күн ішінде іске қосылады. / Әрине, Halyk қосымшасына кіріңіз, ""Шоттар"" бөлімінде, ""Карталар"" тармағын таңдап,, Картаны жабу батырмасын басыңыз. / Әрине, Халық қосымшасында, Шоттар бөліміне өтіп, қайта шығарғыңыз келетін картаны таңдаңыз.  ""Картаға тапсырыс беру"" батырмасын басып , сосын ""Қосымша қарта ашу"" батырмасын басыңыз, әрі қарай экрандағы нұсқауларды орындаңыз. / Әрине, алдымен Halyk қосымшасына кіріп, Мемлекеттік қызметтер бөлімінде, Деректемелер батырмасын басыңыз, сосын Тарих тармағына өтіп, сол жерден өтінімнің мәртебесін тексере аласыз.",-,-,-,-,-,-,0,-,AudioKZ,-,-,-,-,-,-,-,-,ASR,no,3,default_kz
41,utter_q10RU,"Скажите, как только откроете карту, хорошо? / Скажите, как только закроете карту, хорошо? / Скажите, как перевыпустите, хорошо? / скажите как проверите, хорошо?",-,-,"39_testtest_F_R, 40_testtest_F_R, 41_testtest_F_R, 42_testtest_F_R","39_testtest_F_K, 40_testtest_F_K, 41_testtest_F_K, 42_testtest_F_K",-,146,6,-,AudioRU,-,-,43_testtest_F_R,43_testtest_F_K,-,-,43_testtest_F_R,43_testtest_F_K,ASR,no,3,default_kz
42,utter_q10KZ,"Картаны ашқан кезде айтыңыз, жарай ма? / Картаны жапқан кезде айтыңыз, жарай ма? / Картаны қайта шығарғаннан кейін айтыңыз, жарай ма? / тексеріп болғаннан кейін айтыңыз, жарай ма?",-,-,-,-,-,146,6,-,AudioKZ,-,-,43_testtest_F_R,43_testtest_F_K,-,-,43_testtest_F_R,43_testtest_F_K,ASR,no,3,default_kz
43,utter_q11RU,У Вас получилось? / Вы смогли открыть карту? / Получилось открыть? / У Вас получилось? / Вы смогли закрыть карту? / Получилось закрыть? / У Вас получилось? / Вы смогли перевыпустить? / А теперь получилось? / Вы смогли проверить? / У вас получилось проверить?,-,-,"44_testtest_F_R, 47_testtest_F_R, 50_testtest_F_R, 45_testtest_F_R, 46_testtest_F_R, 48_testtest_F_R, 49_testtest_F_R, 51_testtest_F_R, 52_testtest_F_R, 53_testtest_F_R, 54_testtest_F_R","44_testtest_F_K, 47_testtest_F_K, 50_testtest_F_K, 45_testtest_F_K, 46_testtest_F_K, 48_testtest_F_K, 49_testtest_F_K, 51_testtest_F_K, 52_testtest_F_K, 53_testtest_F_K, 54_testtest_F_K",-,146,6,-,AudioRU,-,-,55_testtest_F_R,55_testtest_F_K,-,-,55_testtest_F_R,55_testtest_F_K,ASR,no,3,default_kz
44,utter_q11KZ,"Сіз жасай алдыңыз ба? / Сіз карта аша алдыңыз ба? / Аша алдыңыз ба? / Сіз жасай алдыңыз ба? / Сіз картаны жаба алдыңыз ба? / Жаба алдыңыз ба? / Сіз жасай алдыңыз ба? / Сіз картаны қайта шығара алдыңыз ба? / Ал, енді жасай алдыңыз ба? / Сіз тексере алдыңыз ба? / Тексеру сіздің қолыңыздан келді ме?",-,-,-,-,-,146,6,-,AudioKZ,-,-,55_testtest_F_R,55_testtest_F_K,-,-,55_testtest_F_R,55_testtest_F_K,ASR,no,3,default_kz
45,utter_goodRU,"Замечательно, теперь ваша карта готова к использованию. (короткая пауза) / Отлично, если захотите открыть новую карту, сможете это сделать также, в приложении. (короткая пауза) / Замечательно, теперь можете  пользоваться новой картой (короткая пауза) / Хорошо,",-,-,"56_testtest_F_R, 57_testtest_F_R, 58_testtest_F_R, 59_testtest_F_R","56_testtest_F_K, 57_testtest_F_K, 58_testtest_F_K, 59_testtest_F_K",-,-,0,-,AudioRU,-,-,-,-,-,-,-,-,ASR,no,3,default_kz
46,utter_goodKZ,"Тамаша, енді сіздің картаңыз пайдалануға дайын. / Тамаша, егер сіз жаңа карта ашқыңыз келсе, оны қосымшада да жасай аласыз. / Өте тамаша, енді картаны пайдалана аласыз. / Жақсы",-,-,-,-,-,-,0,-,AudioKZ,-,-,-,-,-,-,-,-,ASR,no,3,default_kz
47,utter_waitingInLineRU,"Отлично, я буду ждать на линии. / А я буду ждать Вас на линии.",-,-,"60_testtest_F_R, 61_testtest_F_R","60_testtest_F_K, 61_testtest_F_K",-,-,0,-,AudioRU,-,-,-,-,-,-,-,-,ASR,no,3,default_kz
48,utter_waitingInLineKZ,"Тамаша , мен сізді желіде күтемін / Ал мен сізді желіде күтетін боламын",-,-,-,-,-,-,0,-,AudioKZ,-,-,-,-,-,-,-,-,ASR,no,3,default_kz
49,utter_needPlasticCardRU,"После того как Вы оформите карту в приложении, можете выбрать бесплатную доставку и указать удобный для Вас адрес.",-,-,62_testtest_F_R,62_testtest_F_K,-,-,0,-,AudioRU,-,-,-,-,-,-,-,-,ASR,no,3,default_kz
50,utter_needPlasticCardKZ,"Қосымшада картаны ресімдеп болған соң, тегін жеткізуді таңдап, өзіңізге ыңғайлы мекен жайды көрсете аласыз.",-,-,-,-,-,-,0,-,AudioKZ,-,-,-,-,-,-,-,-,ASR,no,3,default_kz
51,utter_specialCardRU,"Поняла Вас, вы можете подойти в любое отделение Банка и наши менеджеры Вам помогут.",-,-,63_testtest_F_R,63_testtest_F_K,-,-,0,-,AudioRU,-,-,-,-,-,-,-,-,ASR,no,3,default_kz
52,utter_specialCardKZ,"Мен сізді түсіндім, Сіз Банктің кез келген бөлімшесіне бара аласыз, біздің менеджерлер сізге көмектеседі.",-,-,-,-,-,-,0,-,AudioKZ,-,-,-,-,-,-,-,-,ASR,no,3,default_kz
53,utter_phoneSupportRU,"Если хотите, могу сопроводить Вас по телефону,",-,-,64_testtest_F_R,64_testtest_F_K,-,-,0,-,AudioRU,-,-,-,-,-,-,-,-,ASR,no,3,default_kz
54,utter_phoneSupportKZ,"Қаласаңыз, Мен сізге телефон арқылы кеңес беріп отырамын,",-,-,-,-,-,-,0,-,AudioKZ,-,-,-,-,-,-,-,-,ASR,no,3,default_kz
55,utter_q9RU,можете сейчас зайти в приложение?,-,-,65_testtest_F_R,65_testtest_F_K,-,146,6,-,AudioRU,-,-,66_testtest_F_R,66_testtest_F_K,-,-,66_testtest_F_R,66_testtest_F_K,ASR,no,3,default_kz
56,utter_q9KZ,сіз қазір қосымшаға кіре аласыз ба?,-,-,-,-,-,146,6,-,AudioKZ,-,-,66_testtest_F_R,66_testtest_F_K,-,-,66_testtest_F_R,66_testtest_F_K,ASR,no,3,default_kz
57,utter_waitingRU,"Хорошо, жду",-,-,67_testtest_F_R,67_testtest_F_K,-,-,0,-,AudioRU,-,-,-,-,-,-,-,-,ASR,no,3,default_kz
58,utter_waitingKZ,"Жақсы, күтемін",-,-,-,-,-,-,0,-,AudioKZ,-,-,-,-,-,-,-,-,ASR,no,3,default_kz
59,utter_howCloseCardRU,"Смотрите, закрыть карту можно , в приложении Halyk или в отделении банка с удостоверением личности.",-,-,68_testtest_F_R,68_testtest_F_K,-,-,0,-,AudioRU,-,-,-,-,-,-,-,-,ASR,no,3,default_kz
60,utter_howCloseCardKZ,"Қараңыз, картаны Halyk қосымшасында немесе жеке куәлігіңізбен банк бөлімшесінде жабуға болады.",-,-,-,-,-,-,0,-,AudioKZ,-,-,-,-,-,-,-,-,ASR,no,3,default_kz
61,utter_q19RU,Скажите каким способом Вам удобнее закрыть карту?,-,-,69_testtest_F_R,69_testtest_F_K,-,146,6,-,AudioRU,-,-,70_testtest_F_R,70_testtest_F_K,-,-,70_testtest_F_R,70_testtest_F_K,ASR,no,3,default_kz
62,utter_q19KZ,"Айтыңызшы, Сізге картаны қалай жапқан ыңғайлы?",-,-,-,-,-,146,6,-,AudioKZ,-,-,70_testtest_F_R,70_testtest_F_K,-,-,70_testtest_F_R,70_testtest_F_K,ASR,no,3,default_kz
63,utter_cardClosureConditionsRU,"Должна сказать (пауза), что карту нельзя закрыть в приложении, если карта одна, или на ней есть деньги, еще если по карте одна или несколько дополнительных карт, или есть арест, долг и другие ограничения, также если счет по карте привязан к действующему депозитному или кредитному договору, или на дебетовой карте есть кредитный лимит.",-,-,71_testtest_F_R,71_testtest_F_K,-,-,0,-,AudioRU,-,-,-,-,-,-,-,-,ASR,no,3,default_kz
64,utter_cardClosureConditionsKZ,"Егер карта біреу болса немесе картада ақша болса, сонымен қатар картада бір немесе бірнеше қосымша карталар болса немесе тыйым салу, қарыз және басқа шектеулер болса, сондай-ақ карта шоты қолданыстағы депозитке немесе кредит шартына байланыстырылған болса немесе дебеттік картада кредит лимиті болса, онда картаны қосымшада жабу мүмкін емес.",-,-,-,-,-,-,0,-,AudioKZ,-,-,-,-,-,-,-,-,ASR,no,3,default_kz
65,utter_q20RU,"А в других случаях можете в приложении закрыть, я вам подскажу как, сможете сейчас туда зайти?",-,-,72_testtest_F_R,72_testtest_F_K,-,146,6,-,AudioRU,-,-,73_testtest_F_R,73_testtest_F_K,-,-,73_testtest_F_R,73_testtest_F_K,ASR,no,3,default_kz
66,utter_q20KZ,"Ал басқа жағдайларда қосымшада жаба аласыз, мен сізге көрсетейін, қазір оған кіре аласыз ба?",-,-,-,-,-,146,6,-,AudioKZ,-,-,73_testtest_F_R,73_testtest_F_K,-,-,73_testtest_F_R,73_testtest_F_K,ASR,no,3,default_kz
67,utter_cardClosureLimitsRU,"Смотрите (пауза), карту нельзя закрыть в приложении, если карта одна, или на ней есть деньги, еще если по карте одна или несколько дополнительных карт, или есть арест, долг и другие ограничения, также если счет по карте привязан к действующему депозитному или кредитному договору, или на дебетовой карте есть кредитный лимит.",-,-,74_testtest_F_R,74_testtest_F_K,-,-,0,-,AudioRU,-,-,-,-,-,-,-,-,ASR,no,3,default_kz
68,utter_cardClosureLimitsKZ,"Қараңыз, егер карта біреу болса немесе онда ақша болса, картада тыйым салу, қарыз және басқа шектеулер болса, сондай-ақ карта шоты қолданыстағы депозит немесе кредит шартына байланыстырылған болса немесе дебеттік картада кредит лимиті болса, картаны қосымшада жабу мүмкін емес.",-,-,-,-,-,-,0,-,AudioKZ,-,-,-,-,-,-,-,-,ASR,no,3,default_kz
69,utter_moneyOnTheCardRU,"Поняла Вас, тогда для закрытия карты, нужно полностью использовать деньги на карте. А потом сможете закрыть.",-,-,75_testtest_F_R,75_testtest_F_K,-,-,0,-,AudioRU,-,-,-,-,-,-,-,-,ASR,no,3,default_kz
70,utter_moneyOnTheCardKZ,"Мен сізді түсіндім, онда картаны жабу үшін картадағы ақшаны толығымен пайдалану керек. Содан кейін жаба аласыз.",-,-,-,-,-,-,0,-,AudioKZ,-,-,-,-,-,-,-,-,ASR,no,3,default_kz
71,utter_arestLimitsRU,"Поняла Вас, тогда для закрытия карты обратитесь пожалуйста в  любое отделение Банка.",-,-,76_testtest_F_R,76_testtest_F_K,-,-,0,-,AudioRU,-,-,-,-,-,-,-,-,ASR,no,3,default_kz
72,utter_arestLimitsKZ,"Сізді түсіндім, онда картаны жабу үшін банктың кез келген бөлімшесіне жүгініңіз",-,-,-,-,-,-,0,-,AudioKZ,-,-,-,-,-,-,-,-,ASR,no,3,default_kz
73,utter_howReissueCardRU,А перевыпустить карту можно в отделении Банка или в приложении Halyk.,-,-,77_testtest_F_R,77_testtest_F_K,-,-,0,-,AudioRU,-,-,-,-,-,-,-,-,ASR,no,3,default_kz
74,utter_howReissueCardKZ,Картаны Банк бөлімшесінде немесе Halyk қосымшасында қайта шығаруға болады.,-,-,-,-,-,-,0,-,AudioKZ,-,-,-,-,-,-,-,-,ASR,no,3,default_kz
75,utter_q12RU,"Давайте подскажу, как это сделать в приложении, согласны?",-,-,78_testtest_F_R,78_testtest_F_K,-,146,6,-,AudioRU,-,-,79_testtest_F_R,79_testtest_F_K,-,-,79_testtest_F_R,79_testtest_F_K,ASR,no,3,default_kz
76,utter_q12KZ,"Мұны қосымшада қалай жасау керектігін айтайын, жарай ма?",-,-,-,-,-,146,6,-,AudioKZ,-,-,79_testtest_F_R,79_testtest_F_K,-,-,79_testtest_F_R,79_testtest_F_K,ASR,no,3,default_kz
77,utter_justUnlockRU,"Если карта заблокирована по причине утери, кражи, мошеннических действий или истек срок годности, то разблокировать ее нельзя, только перевыпустить.",-,-,80_testtest_F_R,80_testtest_F_K,-,-,0,-,AudioRU,-,-,-,-,-,-,-,-,ASR,no,3,default_kz
78,utter_justUnlockKZ,"Егер карта жоғалуына, ұрлануына, алаяқтық әрекеттерге байланысты, немесе жарамдылық мерзімі өтіп кетуінен бұғатталған болса, онда оны бұғаттан шығару мүмкін емес, тек қайта шығару керек.",-,-,-,-,-,-,0,-,AudioKZ,-,-,-,-,-,-,-,-,ASR,no,3,default_kz
79,utter_cardReplacementOptionsRU,"К сожалению, нет, старая карта будет не действительна, можете также заказать доставку новой карты в приложении, или перевыпустить ее в отделении Банка.",-,-,81_testtest_F_R,81_testtest_F_K,-,-,0,-,AudioRU,-,-,-,-,-,-,-,-,ASR,no,3,default_kz
80,utter_cardReplacementOptionsKZ,"Өкінішке орай, жоқ, ескі карта жарамсыз болып қалады, сонымен қатар қосымшада жаңа картаны жеткізуге тапсырыс бере аласыз немесе оны Банк бөлімшесінде қайта шығара аласыз.",-,-,-,-,-,-,0,-,AudioKZ,-,-,-,-,-,-,-,-,ASR,no,3,default_kz
81,utter_q14RU,"Хорошо, попробуйте перевыпустить карту после нашего разговора, а если будут вопросы, можете перезвонить к нам, согласны?",-,-,82_testtest_F_R,82_testtest_F_K,-,146,6,-,AudioRU,-,-,83_testtest_F_R,83_testtest_F_K,-,-,83_testtest_F_R,83_testtest_F_K,ASR,no,3,default_kz
82,utter_q14KZ,"Жақсы, әңгімемізден кейін картаны қайта шығарып көріңіз, егер сұрақтар туындаса, бізге қайта қоңырау шалуыңызға болады. Айтқандарыммен келісесіз бе?",-,-,-,-,-,146,6,-,AudioKZ,-,-,83_testtest_F_R,83_testtest_F_K,-,-,83_testtest_F_R,83_testtest_F_K,ASR,no,3,default_kz
83,utter_veryGoodRU,Отлично!,-,-,84_testtest_F_R,84_testtest_F_K,-,-,0,-,AudioRU,-,-,-,-,-,-,-,-,ASR,no,3,default_kz
84,utter_veryGoodKZ,Өте жақсы!,-,-,-,-,-,-,0,-,AudioKZ,-,-,-,-,-,-,-,-,ASR,no,3,default_kz
85,utter_q15RU,"Скажите пожалуйста, вы оформили денежный кредит или товарный кредит или рассрочку?",-,-,85_testtest_F_R,85_testtest_F_K,-,146,6,-,AudioRU,-,-,86_testtest_F_R,86_testtest_F_K,-,-,86_testtest_F_R,86_testtest_F_K,ASR,no,3,default_kz
86,utter_q15KZ,"Айтыңызшы, сіз ақшалай кредитті немесе тауарлық кредитті әлде бөліп төлеуді ресімдедіңіз бе?",-,-,-,-,-,146,6,-,AudioKZ,-,-,86_testtest_F_R,86_testtest_F_K,-,-,86_testtest_F_R,86_testtest_F_K,ASR,no,3,default_kz
87,utter_brunchAddressRU,"Вы можете подойти в любое отделение Банка, а подобрать ближайший для себя адрес можете на сайте halykbank.kz, в разделе ""Банк на карте""",-,-,87_testtest_F_R,87_testtest_F_K,-,-,0,-,AudioRU,-,-,-,-,-,-,-,-,ASR,no,3,default_kz
88,utter_brunchAddressKZ,"Сіз Банктің кез келген бөлімшесіне бара аласыз, ал halykbank.kz сайтынан ""Картадан Банк"" бөлімінде өзіңізге жақын мекенжайда орналасқан банк бөлімшесін таңдай аласыз.",-,-,-,-,-,-,0,-,AudioKZ,-,-,-,-,-,-,-,-,ASR,no,3,default_kz
89,utter_callCenterRU,"Вы можете посмотреть номер продавца в приложении Halyk, просто нажмите на детали заказа.",-,-,88_testtest_F_R,88_testtest_F_K,-,-,0,-,AudioRU,-,-,-,-,-,-,-,-,ASR,no,3,default_kz
90,utter_callCenterKZ,"Сіз сатушының нөмірін Halyk қосымшасындағы тапсырыс туралы мәліметтерге басып, оңай көре аласыз.",-,-,-,-,-,-,0,-,AudioKZ,-,-,-,-,-,-,-,-,ASR,no,3,default_kz
91,utter_cashLoanRU,"Таак, если вы оформили денежный кредит, то отменить его нужно в тот же день, подав заявление в любом отделении банка.",-,-,89_testtest_F_R,89_testtest_F_K,-,-,0,-,AudioRU,-,-,-,-,-,-,-,-,ASR,no,3,default_kz
92,utter_cashLoanKZ,"сонымен, егер сіз ақшалай кредит ресімдеген болсаңыз, онда банктің кез келген бөлімшесінде өтініш беру арқылы одан сол күні бас тарту қажет",-,-,-,-,-,-,0,-,AudioKZ,-,-,-,-,-,-,-,-,ASR,no,3,default_kz
93,utter_commodityLoanRU,"Тааак, если вы оформили товар в кредит или рассрочку, то нужно позвонить в магазин, в котором Вы покупали, так как кредит можно аннулировать только по запросу магазина.",-,-,90_testtest_F_R,90_testtest_F_K,-,-,0,-,AudioRU,-,-,-,-,-,-,-,-,ASR,no,3,default_kz
94,utter_commodityLoanKZ,"Сонымен, егер сіз тауарды кредитке немесе бөліп төлеуге ресімдеген болсаңыз, онда сіз тауар сатып алған дүкенге қоңырау шалуыңыз керек, себебі тек дүкеннің сұрау салуы бойынша ғана кредиттің күшін жоюға болады.",-,-,-,-,-,-,0,-,AudioKZ,-,-,-,-,-,-,-,-,ASR,no,3,default_kz
95,utter_bothLoansRU,"Если вы хотите отменить товарный кредит или рассрочку, то нужно позвонить в магазин, в котором Вы покупали, так как кредит можно аннулировать только по запросу магазина. А если денежный, то отменить его нужно в тот же день, подав заявление в любом отделении банка.",-,-,91_testtest_F_R,91_testtest_F_K,-,-,0,-,AudioRU,-,-,-,-,-,-,-,-,ASR,no,3,default_kz
96,utter_bothLoansKZ,"Егер сіз тауарлық кредиттің немесе бөліп төлеудің күшін жойғыңыз келсе, онда сіз тауар сатып алған дүкенге қоңырау шалуыңыз керек, себебі тек дүкеннің сұрау салуы бойынша ғана кредиттің күшін жоюға болады. Егер ақшалай кредит болса, оны сол күні, банктің кез келген бөлімшесіне өтініш беру арқылы жою керек.",-,-,-,-,-,-,0,-,AudioKZ,-,-,-,-,-,-,-,-,ASR,no,3,default_kz
97,utter_dontKnowTypeLoanRU,"Мхм, можете посмотреть информацию по кредиту в приложении Halyk, в разделе ""Счета"", далее ""Кредиты"", Если это товарный, то нужно позвонить в магазин, в котором Вы покупали, только они запрашивают аннулирование кредита. А если денежный кредит, то отменить его нужно в тот же день, по заявлению в отделении банка.",-,-,92_testtest_F_R,92_testtest_F_K,-,-,0,-,AudioRU,-,-,-,-,-,-,-,-,ASR,no,3,default_kz
98,utter_dontKnowTypeLoanKZ,"Мхм, сіз Halyk қосымшасында кредит бойынша ақпаратты ""Шоттар"" бөлімінен, әрі қарай ""Кредиттер"" бөлімінен көре аласыз. Егер бұл тауарлық кредит болса, онда Сіз тауар сатып алған дүкенге қоңырау шалуыңыз қажет, тек солар ғана кредитті жою бойынша сұрау сала алады. Егер ақшалай кредит болса, оны сол күні банк бөлімшесіне өтініш беру арқылы жоюыңыз қажет.",-,-,-,-,-,-,0,-,AudioKZ,-,-,-,-,-,-,-,-,ASR,no,3,default_kz
99,utter_returnedTheProductRU,"Смотрите, если в течении 14 дней вы возвращаете товар продавцу, он должен отправить запрос на аннулирование кредита или рассрочки в Банк, а если продавец этого не сделал, то Вы можете обратиться в отделение банка для подачи заявления.",-,-,93_testtest_F_R,93_testtest_F_K,-,-,0,-,AudioRU,-,-,-,-,-,-,-,-,ASR,no,3,default_kz
100,utter_returnedTheProductKZ,"Қараңызшы, егер сіз 14 күн ішінде тауарды сатушыға қайтарсаңыз, ол банкке кредитті немесе бөліп төлеуді жоюға сұрау салуды жіберуі керек, ал егер сатушы мұны істемеген болса, онда сіз өтініш беру үшін банк бөлімшесіне хабарласа аласыз.",-,-,-,-,-,-,0,-,AudioKZ,-,-,-,-,-,-,-,-,ASR,no,3,default_kz
101,utter_whyRefusedRU,"Мхм, причину отказа, вы можете узнать в приложении Halyk, в разделе ""Гос. услуги""",-,-,94_testtest_F_R,94_testtest_F_K,-,-,0,-,AudioRU,-,-,-,-,-,-,-,-,ASR,no,3,default_kz
102,utter_whyRefusedKZ,"Ммм, бас тарту себебін сіз Halyk қосымшасында ""мемлекеттік қызметтер"" бөлімінен біле аласыз,",-,-,-,-,-,-,0,-,AudioKZ,-,-,-,-,-,-,-,-,ASR,no,3,default_kz
103,utter_nextRU,"Смотрите, все детали можете посмотреть в приложении Halyk, в разделе "" Гос. Услуги""",-,-,95_testtest_F_R,95_testtest_F_K,-,-,0,-,AudioRU,-,-,-,-,-,-,-,-,ASR,no,3,default_kz
104,utter_nextKZ,"Қараңыз, толығырақ Халық қосымшасында,Мемлекеттік қызметтер бөлімінен көре аласыз",-,-,-,-,-,-,0,-,AudioKZ,-,-,-,-,-,-,-,-,ASR,no,3,default_kz
105,utter_whenApprovalComeRU,"К сожалению, не могу подсказать подробно, так как заявки обрабатываются в eGov. Вы можете сами проверить статус заявки в приложении Halyk, в разделе ""Гос. услуги""",-,-,96_testtest_F_R,96_testtest_F_K,-,-,0,-,AudioRU,-,-,-,-,-,-,-,-,ASR,no,3,default_kz
106,utter_whenApprovalComeKZ,"Өкінішке орай, өтінімдерді өңдеу eGov-қа байланысты болғандықтан мен толық ақпарат бере алмаймын. Сондықтан Сіз Halyk қосымшасында ""мемлекеттік қызметтер"" бөлімінде өтінімнің қандай күйде екенін өзіңіз тексере аласыз,",-,-,-,-,-,-,0,-,AudioKZ,-,-,-,-,-,-,-,-,ASR,no,3,default_kz
107,utter_q16RU,хорошо?,-,-,97_testtest_F_R,97_testtest_F_K,-,146,6,-,AudioRU,-,-,98_testtest_F_R,98_testtest_F_K,-,-,98_testtest_F_R,98_testtest_F_K,ASR,no,3,default_kz
108,utter_q16KZ,жақсы ма?,-,-,-,-,-,146,6,-,AudioKZ,-,-,98_testtest_F_R,98_testtest_F_K,-,-,98_testtest_F_R,98_testtest_F_K,ASR,no,3,default_kz
109,utter_publicServicesStatusRU,"Тааак, Ваша заявка еще на рассмотрении у банка. Ожидайте пожалуйста ее завершения, а статус заявки можете посмотреть в приложении Halyk, в разделе ""Гос. услуги"" / Мхм, Ваша заявка уже завершена, подробности можете узнать в  приложении Halyk, в разделе ""Гос. услуги"" / Смотрите,  по техническим причинам ваша заявка не была рассмотрена, вы можете подать новую заявку чуть позже или подробности по заявки узнать в приложении Halyk, в разделе ""Гос. услуги""",-,-,"99_testtest_F_R, 100_testtest_F_R, 101_testtest_F_R","99_testtest_F_K, 100_testtest_F_K, 101_testtest_F_K",-,-,0,-,AudioRU,-,-,-,-,-,-,-,-,ASR,no,3,default_kz
110,utter_publicServicesStatusKZ,"Қаазір, сіздің өтініміңіз әлі банкте қаралынуда. Өтінімнің аяқталғанын күтіңіз, ал өтінім мәртебесін Халық қосымшасында, Мемлекеттік қызметтер бөлімінен көре аласыз / Мхм, сіздің өтініміңіз аяқталған, толығырақ Халық қосымшасында, Мемлекеттік қызметтер бөлімінен көре аласыз / Қараңыз, техникалық себептерге байланысты сіздің өтініміңіз қаралынбаған, сіз кейінірек жаңа өтінім қалдыра аласыз немесе өтінім туралы толық ақпаратты Халық қосымшасында Мемлекеттік қызметтер бөлімінен көре аласыз",-,-,-,-,-,-,0,-,AudioKZ,-,-,-,-,-,-,-,-,ASR,no,3,default_kz
111,utter_statusDeclinedRU,"Мхм, к сожалению по Вашей заявке пришел отказ со стороны гос.органов, чтобы узнать подробней позвоните пожалуйста в Единый контакт-центр 1414",-,-,102_testtest_F_R,102_testtest_F_K,-,-,0,-,AudioRU,-,-,-,-,-,-,-,-,ASR,no,3,default_kz
112,utter_statusDeclinedKZ,"Мхм, өкінішке орай сіздің өтініміңіз мемлекеттік органдар тарапынан қабылданбады,  толығырақ ақпарат алу үшін 1414 Бірыңғай байланыс орталығына қоңырау шалыңыз",-,-,-,-,-,-,0,-,AudioKZ,-,-,-,-,-,-,-,-,ASR,no,3,default_kz
113,utter_failedIdentificationRU,"Как я уже говорила, вы не прошли идентификацию личности, поэтому я не могу проверить ваши данные, а сейчас",-,-,103_testtest_F_R,103_testtest_F_K,-,-,0,-,AudioRU,-,-,-,-,-,-,-,-,ASR,no,3,default_kz
114,utter_failedIdentificationKZ,"Жаңа айтып өткендей сіз жеке басты сәйкестендіруден өтпедіңіз, сол үшін мен сіздің мәліметтеріңізді тексере алмаймын, ал қазір",-,-,-,-,-,-,0,-,AudioKZ,-,-,-,-,-,-,-,-,ASR,no,3,default_kz
115,utter_failedIdentUntrustedNumberRU,"Так как Ваш номер является не доверенным, вы не прошли идентификацию личности, вам нужно позвонить нам с подтвержденного номера или  можете перезвонить с доверенного номера, а сейчас",-,-,104_testtest_F_R,104_testtest_F_K,-,-,0,-,AudioRU,-,-,-,-,-,-,-,-,ASR,no,3,default_kz
116,utter_failedIdentUntrustedNumberKZ,"Сіздің нөміріңіз сенімсіз болғандықтан, сіз жеке басты сәйкестендіруден өтпедіңіз, сізге расталған нөмірден хабарласу керек немесе сенімді нөмірден қайта қоңырау шала аласыз, ал қазір",-,-,-,-,-,-,0,-,AudioKZ,-,-,-,-,-,-,-,-,ASR,no,3,default_kz
117,utter_q17RU,"я могу подсказать как посмотреть статус Вашей заявки в приложении Halyk, согласны?",-,-,105_testtest_F_R,105_testtest_F_K,-,146,6,-,AudioRU,-,-,106_testtest_F_R,106_testtest_F_K,-,-,106_testtest_F_R,106_testtest_F_K,ASR,no,3,default_kz
118,utter_q17KZ,"мен сізге Halyk қосымшасында өтінім күйін қалай тексеруге болатындығын айтып бере аламын, жарай ма?",-,-,-,-,-,146,6,-,AudioKZ,-,-,106_testtest_F_R,106_testtest_F_K,-,-,106_testtest_F_R,106_testtest_F_K,ASR,no,3,default_kz
119,utter_aboutTrustedNumberRU,"Доверенный номер, это номер телефона, с которого вы регистрировались в приложении Halyk и он подтвержден в данных Halyk Банка, как Ваш мобильный.",-,-,107_testtest_F_R,107_testtest_F_K,-,-,0,-,AudioRU,-,-,-,-,-,-,-,-,ASR,no,3,default_kz
120,utter_aboutTrustedNumberKZ,Сенімді нөмір - бұл сіз Halyk қосымшасында тіркелген телефон нөмірі және ол Сіздің ұялы телефоныңыз ретінде Halyk Банктің деректерінде расталған.,-,-,-,-,-,-,0,-,AudioKZ,-,-,-,-,-,-,-,-,ASR,no,3,default_kz
121,utter_q18RU,"Чтобы решить Ваш вопрос, можете позвонить нам с доверенного номера, зайти в приложение, или могу подсказать как сменить его, согласны?",-,-,108_testtest_F_R,108_testtest_F_K,-,146,6,-,AudioRU,-,-,109_testtest_F_R,109_testtest_F_K,-,-,109_testtest_F_R,109_testtest_F_K,ASR,no,3,default_kz
122,utter_q18KZ,"Мәселеңізді шешу үшін Сіз бізге сенімді нөмірден қоңырау шалып, қосымшаға кіре аласыз немесе оны қалай өзгерту керектігін айтып бере аламын, айтып берейін бе?",-,-,-,-,-,146,6,-,AudioKZ,-,-,109_testtest_F_R,109_testtest_F_K,-,-,109_testtest_F_R,109_testtest_F_K,ASR,no,3,default_kz
123,utter_changeTrustedNumberRU,"Сменить доверенный номер можно в банкомате Halyk Bank, для этого вставьте карту, введите PIN код, выберите «Дополнительные сервисы», затем нажмите на «Доверенный номер» и следуйте инструкции, или можете подойти в отделение банка и наш менеджер Вам поможет.",-,-,110_testtest_F_R,110_testtest_F_K,-,-,0,-,AudioRU,-,-,-,-,-,-,-,-,ASR,no,3,default_kz
124,utter_changeTrustedNumberKZ,"Сіз Halyk Bank банкоматында сенімді нөмірді өзгерте аласыз, ол үшін картаны салыңыз, PIN кодын енгізіңіз, ""Қосымша сервистер"" тармағын таңдаңыз, содан кейін ""Сенімді нөмір"" батырмасын басып, нұсқауларды орындаңыз немесе банктің бөлімшесіне барсаңыз біздің менеджерлер сізге көмектеседі.",-,-,-,-,-,-,0,-,AudioKZ,-,-,-,-,-,-,-,-,ASR,no,3,default_kz
125,utter_logInWithTrustedNumberRU,"Хорошо, Скажите, вы сейчас можете зайти в приложение,",-,-,111_testtest_F_R,111_testtest_F_K,-,-,0,-,AudioRU,-,-,-,-,-,-,-,-,ASR,no,3,default_kz
126,utter_logInWithTrustedNumberKZ,"Жақсы, Айтыңызшы, сіз қазір қосымшаға кіре аласыз ба,",-,-,-,-,-,-,0,-,AudioKZ,-,-,-,-,-,-,-,-,ASR,no,3,default_kz
127,utter_checkInfoRU,"Сейчас проверю информацию, одну минуту (пауза 10 секунд)",-,-,112_testtest_F_R,112_testtest_F_K,-,-,0,-,AudioRU,-,-,-,-,-,-,-,-,ASR,no,3,default_kz
128,utter_checkInfoKZ,"Қазір мен ақпаратты тексеремін, бір минут (пауза 10 секунд)",-,-,-,-,-,-,0,-,AudioKZ,-,-,-,-,-,-,-,-,ASR,no,3,default_kz
129,utter_repeat_questionRU,"Не могли бы повторите вопрос, по которому вы обращаетесь?",-,-,113_testtest_F_R,113_testtest_F_K,-,146,6,-,AudioRU,-,-,-,-,-,-,-,-,NoOp,no,3,default_kz
130,utter_repeat_questionKZ,Сіз сұраған сұрағыңызды қайталай аласыз ба?,-,-,-,-,-,146,6,-,AudioKZ,-,-,-,-,-,-,-,-,NoOp,no,3,default_kz
131,utter_silence3secRU,Тишина 3 секунд,-,-,114_testtest_F_R,114_testtest_F_K,-,-,0,-,AudioRU,-,-,-,-,-,-,-,-,ASR,no,3,default_kz
132,utter_silence3secKZ,Тишина 3 секунд,-,-,114_testtest_F_R,114_testtest_F_K,-,-,0,-,AudioKZ,-,-,-,-,-,-,-,-,ASR,no,3,default_kz
133,utter_scoreRU,"Хорошо! Оцените пожалуйста мою работу, от 1 до 5, где 5 это отлично, а 1 очень плохо.",-,-,115_testtest_F_R,115_testtest_F_K,-,-,0,-,AudioRU,-,-,-,-,-,-,-,-,ASR,no,3,default_kz
134,utter_scoreKZ,"Жарайды! Менің жұмысымды 1-ден 5-ке дейін бағалаңыз, бұл жерде 5 өте жақсы, ал 1 өте нашар.",-,-,-,-,-,-,0,-,AudioKZ,-,-,-,-,-,-,-,-,ASR,no,3,default_kz
135,utter_goodByeRU,"Благодарим Вас за обращение! Всего доброго, до свидания!",-,-,116_testtest_F_R,116_testtest_F_K,-,-,0,OK,AudioRU,-,-,-,-,-,-,-,-,ASR,no,3,default_kz
136,utter_goodByeKZ,Хабарласқаныңызға рахмет! Сау болыңыз!,-,-,-,-,-,-,0,OK,AudioKZ,-,-,-,-,-,-,-,-,ASR,no,3,default_kz
137,utter_interruptingRU,"Да,да Я вас слушаю / Вы что-то хотите сказать? / Да да / Слушаю вас / Мхм. Да. Говорите. / Я вас внимательно слушаю / Повторите пожалуйста. Не расслышала",-,-,"117_testtest_F_R, 118_testtest_F_R, 119_testtest_F_R, 120_testtest_F_R, 121_testtest_F_R, 122_testtest_F_R, 123_testtest_F_R","117_testtest_F_K, 118_testtest_F_K, 119_testtest_F_K, 120_testtest_F_K, 121_testtest_F_K, 122_testtest_F_K, 123_testtest_F_K",-,146,6,-,AudioRU,-,-,-,-,-,-,-,-,ASR,no,3,default_kz
138,utter_interruptingKZ,"Иә, Иә. Сізді тыңдап тұрмын / Сіз бірдеңе айтқыңыз келді ме? / Иә, Иә / Сізді тыңдап тұрмын / Мхм, иә. Айта беріңіз / Сізді мұқият тыңдап тұрмын / Өтініш, қайталап жібересіз бе? Естімей қалдым",-,-,-,-,-,146,6,-,AudioKZ,-,-,-,-,-,-,-,-,ASR,no,3,default_kz
139,utter_silenceRU,Тишина,-,-,124_testtest_F_R,124_testtest_F_K,-,-,0,-,AudioRU,-,-,-,-,-,-,-,-,ASR,no,3,default_kz
140,utter_silenceKZ,Тишина,-,-,124_testtest_F_R,124_testtest_F_K,-,-,0,-,AudioKZ,-,-,-,-,-,-,-,-,ASR,no,3,default_kz
141,utter_failedIdentificationFirstRU,"К сожалению, идентификация личности по голосу не пройдена / К сожалению, идентификация личности по цифровому коду не пройдена / К сожалению, идентификация личности по кодовому слову не пройдена",-,-,"125_testtest_F_R, 126_testtest_F_R, 127_testtest_F_R","125_testtest_F_K, 126_testtest_F_K, 127_testtest_F_K",-,-,0,-,AudioRU,-,-,-,-,-,-,-,-,ASR,no,3,default_kz
142,utter_failedIdentificationFirstKZ,"Өкінішке орай, жеке тұлғаны дауыспен растаудан өтпедіңіз, ал енді / Өкінішке орай, жеке тұлғаны цифрлық кодпен растаудан өтпедіңіз, ал енді / Өкінішке орай, жеке тұлғаны код сөзімен растаудан өтпедіңіз, ал енді",-,-,-,-,-,-,0,-,AudioKZ,-,-,-,-,-,-,-,-,ASR,no,3,default_kz
143,utter_successfulIdentificationRU,"Вы прошли успешно идентификацию личности, теперь",-,-,128_testtest_F_R,128_testtest_F_K,-,-,0,-,AudioRU,-,-,-,-,-,-,-,-,ASR,no,3,default_kz
144,utter_successfulIdentificationKZ,"Сіз жеке басты сәйкестендіруді сәтті аяқтадыңыз, енді",-,-,-,-,-,-,0,-,AudioKZ,-,-,-,-,-,-,-,-,ASR,no,3,default_kz
145,utter_error_stateRU,"К сожалению, ничего не слышно, перезвоните пожалуйста. До свидания!",-,-,129_testtest_F_R,129_testtest_F_K,-,-,0,OK,AudioRU,-,-,-,-,-,-,-,-,NoOp,no,3,default_kz
146,utter_error_stateKZ,"Хм, ештеңе естілмейді, қайта қоңырау шалыңыз. Сау болыңыз!",-,-,-,-,-,-,0,OK,AudioKZ,-,-,-,-,-,-,-,-,NoOp,no,3,default_kz
